{
	"name": "Comprobador_PlacaBase",
	"plugin-id": "Sprite",
	"sid": 793402626976833,
	"isGlobal": false,
	"instanceVariables": [],
	"behaviorTypes": [],
	"effectTypes": [],
	"animations": {
		"items": [
			{
				"frames": [
					{
						"width": 250,
						"height": 250,
						"originX": 0.5,
						"originY": 0.516,
						"originalSource": "",
						"exportFormat": "lossless",
						"exportQuality": 0.8,
						"fileType": "image/png",
						"imageSpriteId": 80548,
						"useCollisionPoly": true,
						"imagePoints": [
							{
								"name": "Punto imagen 1",
								"x": 0.504,
								"y": 0.504
							}
						],
						"duration": 1,
						"tag": ""
					}
				],
				"sid": 526762590251133,
				"name": "Animation 1",
				"isLooping": false,
				"isPingPong": false,
				"repeatCount": 1,
				"repeatTo": 0,
				"speed": 5
			}
		],
		"subfolders": []
	}
}