{"propertiesBar":{"properties":[{"name":"Acerca de","expanded":true,"children":[]},{"name":"Colores","expanded":true,"children":[]},{"name":"Inicio","expanded":true,"children":[]},{"name":"Pantalla","expanded":true,"children":[{"name":"Tamaño de área visible","expanded":false,"children":[]}]},{"name":"Avanzado","expanded":false,"children":[]},{"name":"Ajustes de compatibilidad","expanded":false,"children":[]},{"name":"Editor","expanded":true,"children":[]}],"scrollPosition":0},"openTabs":{"active":{"name":"Escena 1","type":"layout"},"open":[{"name":"Escena 2","type":"layout"},{"name":"Hoja de eventos 2","type":"eventSheet"},{"name":"Escena 1","type":"layout"},{"name":"Hoja de eventos 1","type":"eventSheet"}]},"previewEffects":true,"previewBrowser":"default","pauseOnUnfocus":false,"projectBar":{"name":"<root>","children":[{"name":"Práctica 6","expanded":true,"children":[{"name":"Escenas","expanded":true,"children":[{"name":"Escena 2","expanded":true,"children":[]},{"name":"Escena 1","expanded":true,"children":[]}]},{"name":"Hojas de eventos","expanded":true,"children":[{"name":"Hoja de eventos 1","expanded":true,"children":[]},{"name":"Hoja de eventos 2","expanded":true,"children":[]}]},{"name":"Scripts","expanded":true,"children":[]},{"name":"Tipos de objetos","expanded":true,"children":[{"name":"ATX_Case","expanded":true,"children":[]},{"name":"Comprobador_PlacaBase","expanded":true,"children":[]},{"name":"Comprobador_psu","expanded":true,"children":[]},{"name":"cpu","expanded":true,"children":[]},{"name":"cpu_cooler","expanded":true,"children":[]},{"name":"EntradaDeTextoCPU","expanded":true,"children":[]},{"name":"EntradaDeTextoCPU_cooler","expanded":true,"children":[]},{"name":"EntradaDeTextoGPU","expanded":true,"children":[]},{"name":"EntradaDeTextoPlaca","expanded":true,"children":[]},{"name":"EntradaDeTextoPSU","expanded":true,"children":[]},{"name":"EntradaDeTextoRAM","expanded":true,"children":[]},{"name":"Grafica","expanded":true,"children":[]},{"name":"Placa_base","expanded":true,"children":[]},{"name":"psu","expanded":true,"children":[]},{"name":"ram","expanded":true,"children":[]},{"name":"Texto","expanded":true,"children":[]},{"name":"Texto2","expanded":true,"children":[]},{"name":"Texto3","expanded":true,"children":[]}]},{"name":"Familias","expanded":true,"children":[]},{"name":"Líneas de tiempo","expanded":true,"children":[{"name":"Eases (Aceleraciones)","expanded":false,"children":[]},{"name":"Línea de tiempo 1","expanded":true,"children":[]}]},{"name":"Diagramas de flujo","expanded":true,"children":[]},{"name":"Sonidos","expanded":true,"children":[]},{"name":"Música","expanded":true,"children":[]},{"name":"Vídeos","expanded":true,"children":[]},{"name":"Fuentes","expanded":true,"children":[]},{"name":"Iconos y capturas de pantalla","expanded":false,"children":[{"name":"icono-128.png","expanded":true,"children":[]},{"name":"icono-16.png","expanded":true,"children":[]},{"name":"icono-256.png","expanded":true,"children":[]},{"name":"icono-32.png","expanded":true,"children":[]},{"name":"icono-512.png","expanded":true,"children":[]},{"name":"icono-64.png","expanded":true,"children":[]},{"name":"logo-carga.png","expanded":true,"children":[]}]},{"name":"Archivos","expanded":true,"children":[]}]}]},"propertiesBarActiveObject":{"name":"Escena 2","type":"layout"}}