{
	"name": "Grafica",
	"plugin-id": "Sprite",
	"sid": 194171218286488,
	"isGlobal": false,
	"instanceVariables": [],
	"behaviorTypes": [
		{
			"behaviorId": "DragnDrop",
			"name": "ArrastrarYSoltar",
			"sid": 724129336680459
		},
		{
			"behaviorId": "Pin",
			"name": "Pegado",
			"sid": 438061222560649
		}
	],
	"effectTypes": [],
	"animations": {
		"items": [
			{
				"frames": [
					{
						"width": 769,
						"height": 239,
						"originX": 0.5,
						"originY": 0.5,
						"originalSource": "",
						"exportFormat": "lossless",
						"exportQuality": 0.8,
						"fileType": "image/png",
						"imageSpriteId": 7494357,
						"useCollisionPoly": true,
						"duration": 1,
						"tag": ""
					}
				],
				"sid": 326676362476473,
				"name": "Default",
				"isLooping": false,
				"isPingPong": false,
				"repeatCount": 1,
				"repeatTo": 0,
				"speed": 5
			}
		],
		"subfolders": []
	}
}