{
	"name": "Player",
	"plugin-id": "Sprite",
	"sid": 540989932653110,
	"isGlobal": false,
	"instanceVariables": [],
	"behaviorTypes": [],
	"effectTypes": [],
	"animations": {
		"items": [
			{
				"frames": [
					{
						"width": 128,
						"height": 128,
						"originX": 0.5,
						"originY": 0.5,
						"originalSource": "",
						"exportFormat": "lossless",
						"exportQuality": 0.8,
						"fileType": "image/png",
						"imageSpriteId": 1663127,
						"collisionPoly": {
							"points": [
								0.4296875,
								0.453125,
								0.5625,
								0.5234375,
								0.6875,
								0.96875,
								0.65625,
								1,
								0.34375,
								1,
								0.296875,
								0.921875
							]
						},
						"useCollisionPoly": true,
						"duration": 1,
						"tag": ""
					},
					{
						"width": 128,
						"height": 128,
						"originX": 0.5,
						"originY": 0.5,
						"originalSource": "",
						"exportFormat": "lossless",
						"exportQuality": 0.8,
						"fileType": "image/png",
						"imageSpriteId": 7855293,
						"collisionPoly": {
							"points": [
								0.4296875,
								0.4453125,
								0.5625,
								0.515625,
								0.6875,
								0.9609375,
								0.6484375,
								1,
								0.34375,
								0.9921875,
								0.296875,
								0.9140625
							]
						},
						"useCollisionPoly": true,
						"duration": 1,
						"tag": ""
					},
					{
						"width": 128,
						"height": 128,
						"originX": 0.5,
						"originY": 0.5,
						"originalSource": "",
						"exportFormat": "lossless",
						"exportQuality": 0.8,
						"fileType": "image/png",
						"imageSpriteId": 3818605,
						"collisionPoly": {
							"points": [
								0.4296875,
								0.4375,
								0.5625,
								0.5078125,
								0.6875,
								0.953125,
								0.640625,
								1,
								0.3984375,
								1,
								0.34375,
								0.984375,
								0.296875,
								0.90625
							]
						},
						"useCollisionPoly": true,
						"duration": 1,
						"tag": ""
					},
					{
						"width": 128,
						"height": 128,
						"originX": 0.5,
						"originY": 0.5,
						"originalSource": "",
						"exportFormat": "lossless",
						"exportQuality": 0.8,
						"fileType": "image/png",
						"imageSpriteId": 5264432,
						"collisionPoly": {
							"points": [
								0.4296875,
								0.4296875,
								0.5625,
								0.5,
								0.6875,
								0.9609375,
								0.6484375,
								1,
								0.34375,
								0.9921875,
								0.296875,
								0.9140625
							]
						},
						"useCollisionPoly": true,
						"duration": 1,
						"tag": ""
					},
					{
						"width": 128,
						"height": 128,
						"originX": 0.5,
						"originY": 0.5,
						"originalSource": "",
						"exportFormat": "lossless",
						"exportQuality": 0.8,
						"fileType": "image/png",
						"imageSpriteId": 5940002,
						"collisionPoly": {
							"points": [
								0.4296875,
								0.4375,
								0.5625,
								0.5078125,
								0.6875,
								0.96875,
								0.65625,
								1,
								0.34375,
								1,
								0.296875,
								0.921875
							]
						},
						"useCollisionPoly": true,
						"duration": 1,
						"tag": ""
					}
				],
				"sid": 731727088669330,
				"name": "Quieto",
				"isLooping": true,
				"isPingPong": false,
				"repeatCount": 1,
				"repeatTo": 0,
				"speed": 6
			},
			{
				"frames": [
					{
						"width": 128,
						"height": 128,
						"originX": 0.5,
						"originY": 0.5,
						"originalSource": "",
						"exportFormat": "lossless",
						"exportQuality": 0.8,
						"fileType": "image/png",
						"imageSpriteId": 8304527,
						"collisionPoly": {
							"points": [
								0.390625,
								0.4140625,
								0.484375,
								0.4140625,
								0.5546875,
								0.4375,
								0.609375,
								0.5625,
								0.5859375,
								0.9375,
								0.4375,
								1,
								0.3828125,
								1,
								0.3125,
								0.9296875,
								0.28125,
								0.8359375
							]
						},
						"useCollisionPoly": true,
						"duration": 1,
						"tag": ""
					},
					{
						"width": 128,
						"height": 128,
						"originX": 0.5,
						"originY": 0.5,
						"originalSource": "",
						"exportFormat": "lossless",
						"exportQuality": 0.8,
						"fileType": "image/png",
						"imageSpriteId": 5153769,
						"collisionPoly": {
							"points": [
								0.390625,
								0.421875,
								0.484375,
								0.421875,
								0.5625,
								0.4609375,
								0.6171875,
								0.609375,
								0.6328125,
								1,
								0.5703125,
								1,
								0.4453125,
								0.9765625,
								0.3125,
								0.921875,
								0.28125,
								0.828125
							]
						},
						"useCollisionPoly": true,
						"duration": 1,
						"tag": ""
					},
					{
						"width": 128,
						"height": 128,
						"originX": 0.5,
						"originY": 0.5,
						"originalSource": "",
						"exportFormat": "lossless",
						"exportQuality": 0.8,
						"fileType": "image/png",
						"imageSpriteId": 6773093,
						"collisionPoly": {
							"points": [
								0.390625,
								0.4140625,
								0.484375,
								0.4140625,
								0.5703125,
								0.4765625,
								0.5859375,
								0.640625,
								0.578125,
								0.9140625,
								0.515625,
								1,
								0.453125,
								1,
								0.3125,
								0.90625,
								0.296875,
								0.8203125
							]
						},
						"useCollisionPoly": true,
						"duration": 1,
						"tag": ""
					},
					{
						"width": 128,
						"height": 128,
						"originX": 0.5,
						"originY": 0.5,
						"originalSource": "",
						"exportFormat": "lossless",
						"exportQuality": 0.8,
						"fileType": "image/png",
						"imageSpriteId": 5980100,
						"collisionPoly": {
							"points": [
								0.390625,
								0.4140625,
								0.484375,
								0.4140625,
								0.5546875,
								0.4375,
								0.609375,
								0.5625,
								0.5859375,
								0.9375,
								0.4296875,
								1,
								0.3671875,
								0.9921875,
								0.3046875,
								0.8046875
							]
						},
						"useCollisionPoly": true,
						"duration": 1,
						"tag": ""
					},
					{
						"width": 128,
						"height": 128,
						"originX": 0.5,
						"originY": 0.5,
						"originalSource": "",
						"exportFormat": "lossless",
						"exportQuality": 0.8,
						"fileType": "image/png",
						"imageSpriteId": 1102096,
						"collisionPoly": {
							"points": [
								0.390625,
								0.421875,
								0.484375,
								0.421875,
								0.5703125,
								0.484375,
								0.6328125,
								1,
								0.5703125,
								1,
								0.3984375,
								0.9765625,
								0.3125,
								0.921875,
								0.296875,
								0.8359375
							]
						},
						"useCollisionPoly": true,
						"duration": 1,
						"tag": ""
					},
					{
						"width": 128,
						"height": 128,
						"originX": 0.5,
						"originY": 0.5,
						"originalSource": "",
						"exportFormat": "lossless",
						"exportQuality": 0.8,
						"fileType": "image/png",
						"imageSpriteId": 8366176,
						"collisionPoly": {
							"points": [
								0.390625,
								0.4140625,
								0.484375,
								0.4140625,
								0.5625,
								0.453125,
								0.6171875,
								0.625,
								0.5859375,
								0.859375,
								0.515625,
								1,
								0.453125,
								1,
								0.3125,
								0.921875,
								0.28125,
								0.828125
							]
						},
						"useCollisionPoly": true,
						"duration": 1,
						"tag": ""
					}
				],
				"sid": 556154197148705,
				"name": "Correr",
				"isLooping": true,
				"isPingPong": false,
				"repeatCount": 1,
				"repeatTo": 0,
				"speed": 8
			},
			{
				"frames": [
					{
						"width": 128,
						"height": 128,
						"originX": 0.5,
						"originY": 0.5,
						"originalSource": "",
						"exportFormat": "lossless",
						"exportQuality": 0.8,
						"fileType": "image/png",
						"imageSpriteId": 4679741,
						"collisionPoly": {
							"points": [
								0.4296875,
								0.4609375,
								0.5625,
								0.53125,
								0.6875,
								0.96875,
								0.65625,
								1,
								0.34375,
								1,
								0.296875,
								0.921875
							]
						},
						"useCollisionPoly": true,
						"duration": 1,
						"tag": ""
					},
					{
						"width": 128,
						"height": 128,
						"originX": 0.5,
						"originY": 0.5,
						"originalSource": "",
						"exportFormat": "lossless",
						"exportQuality": 0.8,
						"fileType": "image/png",
						"imageSpriteId": 8794572,
						"collisionPoly": {
							"points": [
								0.4296875,
								0.46875,
								0.5625,
								0.5390625,
								0.6875,
								0.96875,
								0.65625,
								1,
								0.34375,
								1,
								0.296875,
								0.921875
							]
						},
						"useCollisionPoly": true,
						"duration": 1,
						"tag": ""
					},
					{
						"width": 128,
						"height": 128,
						"originX": 0.5,
						"originY": 0.5,
						"originalSource": "",
						"exportFormat": "lossless",
						"exportQuality": 0.8,
						"fileType": "image/png",
						"imageSpriteId": 6912517,
						"collisionPoly": {
							"points": [
								0.4140625,
								0.3046875,
								0.6171875,
								0.328125,
								0.6875,
								0.8046875,
								0.640625,
								0.8515625,
								0.4140625,
								0.8515625,
								0.34375,
								0.8359375,
								0.296875,
								0.7890625,
								0.328125,
								0.3515625
							]
						},
						"useCollisionPoly": true,
						"duration": 1,
						"tag": ""
					},
					{
						"width": 128,
						"height": 128,
						"originX": 0.5,
						"originY": 0.5,
						"originalSource": "",
						"exportFormat": "lossless",
						"exportQuality": 0.8,
						"fileType": "image/png",
						"imageSpriteId": 6127567,
						"collisionPoly": {
							"points": [
								0.4140625,
								0.3046875,
								0.6171875,
								0.328125,
								0.703125,
								0.7734375,
								0.640625,
								0.84375,
								0.40625,
								0.84375,
								0.34375,
								0.8203125,
								0.296875,
								0.7734375,
								0.328125,
								0.3515625
							]
						},
						"useCollisionPoly": true,
						"duration": 1,
						"tag": ""
					},
					{
						"width": 128,
						"height": 128,
						"originX": 0.5,
						"originY": 0.5,
						"originalSource": "",
						"exportFormat": "lossless",
						"exportQuality": 0.8,
						"fileType": "image/png",
						"imageSpriteId": 2641508,
						"collisionPoly": {
							"points": [
								0.390625,
								0.390625,
								0.6171875,
								0.4453125,
								0.703125,
								0.8671875,
								0.53125,
								0.9921875,
								0.3671875,
								0.9140625,
								0.296875,
								0.8671875,
								0.3046875,
								0.4921875
							]
						},
						"useCollisionPoly": true,
						"duration": 1,
						"tag": ""
					},
					{
						"width": 128,
						"height": 128,
						"originX": 0.5,
						"originY": 0.5,
						"originalSource": "",
						"exportFormat": "lossless",
						"exportQuality": 0.8,
						"fileType": "image/png",
						"imageSpriteId": 4851037,
						"collisionPoly": {
							"points": [
								0.3515625,
								0.4140625,
								0.6171875,
								0.4375,
								0.6953125,
								0.8828125,
								0.6328125,
								0.953125,
								0.5703125,
								1,
								0.515625,
								1,
								0.3359375,
								0.9296875,
								0.2890625,
								0.8828125,
								0.3046875,
								0.484375
							]
						},
						"useCollisionPoly": true,
						"duration": 1,
						"tag": ""
					}
				],
				"sid": 135562617896700,
				"name": "Saltar",
				"isLooping": true,
				"isPingPong": false,
				"repeatCount": 1,
				"repeatTo": 0,
				"speed": 6
			},
			{
				"frames": [
					{
						"width": 128,
						"height": 128,
						"originX": 0.5,
						"originY": 0.5,
						"originalSource": "",
						"exportFormat": "lossless",
						"exportQuality": 0.8,
						"fileType": "image/png",
						"imageSpriteId": 4971711,
						"collisionPoly": {
							"points": [
								0.375,
								0.4453125,
								0.46875,
								0.4453125,
								0.5546875,
								0.5078125,
								0.59375,
								0.9921875,
								0.53125,
								1,
								0.2890625,
								0.9296875
							]
						},
						"useCollisionPoly": true,
						"duration": 1,
						"tag": ""
					},
					{
						"width": 128,
						"height": 128,
						"originX": 0.5,
						"originY": 0.5,
						"originalSource": "",
						"exportFormat": "lossless",
						"exportQuality": 0.8,
						"fileType": "image/png",
						"imageSpriteId": 2490218,
						"collisionPoly": {
							"points": [
								0.375,
								0.4453125,
								0.46875,
								0.4453125,
								0.5546875,
								0.5078125,
								0.59375,
								0.9921875,
								0.53125,
								1,
								0.2890625,
								0.953125,
								0.28125,
								0.7109375
							]
						},
						"useCollisionPoly": true,
						"duration": 1,
						"tag": ""
					},
					{
						"width": 128,
						"height": 128,
						"originX": 0.5,
						"originY": 0.5,
						"originalSource": "",
						"exportFormat": "lossless",
						"exportQuality": 0.8,
						"fileType": "image/png",
						"imageSpriteId": 4069649,
						"collisionPoly": {
							"points": [
								0.375,
								0.4453125,
								0.46875,
								0.4453125,
								0.5546875,
								0.5078125,
								0.59375,
								0.9921875,
								0.53125,
								1,
								0.2890625,
								0.953125,
								0.2265625,
								0.625
							]
						},
						"useCollisionPoly": true,
						"duration": 1,
						"tag": ""
					},
					{
						"width": 128,
						"height": 128,
						"originX": 0.5,
						"originY": 0.5,
						"originalSource": "",
						"exportFormat": "lossless",
						"exportQuality": 0.8,
						"fileType": "image/png",
						"imageSpriteId": 1101467,
						"collisionPoly": {
							"points": [
								0.375,
								0.4453125,
								0.46875,
								0.4453125,
								0.5546875,
								0.5078125,
								0.59375,
								0.9921875,
								0.53125,
								1,
								0.2890625,
								0.953125,
								0.2265625,
								0.625,
								0.265625,
								0.5390625
							]
						},
						"useCollisionPoly": true,
						"duration": 1,
						"tag": ""
					},
					{
						"width": 128,
						"height": 128,
						"originX": 0.5,
						"originY": 0.5,
						"originalSource": "",
						"exportFormat": "lossless",
						"exportQuality": 0.8,
						"fileType": "image/png",
						"imageSpriteId": 5460113,
						"collisionPoly": {
							"points": [
								0.375,
								0.4453125,
								0.46875,
								0.4453125,
								0.5546875,
								0.5078125,
								0.59375,
								0.9921875,
								0.53125,
								1,
								0.2890625,
								0.953125,
								0.296875,
								0.53125
							]
						},
						"useCollisionPoly": true,
						"duration": 1,
						"tag": ""
					},
					{
						"width": 128,
						"height": 128,
						"originX": 0.5,
						"originY": 0.5,
						"originalSource": "",
						"exportFormat": "lossless",
						"exportQuality": 0.8,
						"fileType": "image/png",
						"imageSpriteId": 7020076,
						"collisionPoly": {
							"points": [
								0.375,
								0.4453125,
								0.46875,
								0.4453125,
								0.53125,
								0.4609375,
								0.7109375,
								0.5859375,
								0.59375,
								0.9921875,
								0.53125,
								1,
								0.2890625,
								0.9296875
							]
						},
						"useCollisionPoly": true,
						"duration": 1,
						"tag": ""
					}
				],
				"sid": 448137029634756,
				"name": "Ataque",
				"isLooping": true,
				"isPingPong": false,
				"repeatCount": 1,
				"repeatTo": 0,
				"speed": 6
			},
			{
				"frames": [
					{
						"width": 128,
						"height": 128,
						"originX": 0.5,
						"originY": 0.5,
						"originalSource": "",
						"exportFormat": "lossless",
						"exportQuality": 0.8,
						"fileType": "image/png",
						"imageSpriteId": 1706208,
						"collisionPoly": {
							"points": [
								0.375,
								0.4453125,
								0.640625,
								0.46875,
								0.59375,
								0.9921875,
								0.53125,
								1,
								0.2890625,
								0.9296875
							]
						},
						"useCollisionPoly": true,
						"duration": 1,
						"tag": ""
					},
					{
						"width": 128,
						"height": 128,
						"originX": 0.5,
						"originY": 0.5,
						"originalSource": "",
						"exportFormat": "lossless",
						"exportQuality": 0.8,
						"fileType": "image/png",
						"imageSpriteId": 4254100,
						"collisionPoly": {
							"points": [
								0.6015625,
								0.46875,
								0.59375,
								0.9921875,
								0.53125,
								1,
								0.2890625,
								0.9296875,
								0.375,
								0.4453125
							]
						},
						"useCollisionPoly": true,
						"duration": 1,
						"tag": ""
					},
					{
						"width": 128,
						"height": 128,
						"originX": 0.5,
						"originY": 0.5,
						"originalSource": "",
						"exportFormat": "lossless",
						"exportQuality": 0.8,
						"fileType": "image/png",
						"imageSpriteId": 7297500,
						"collisionPoly": {
							"points": [
								0.5546875,
								0.4375,
								0.578125,
								0.5234375,
								0.59375,
								0.9921875,
								0.53125,
								1,
								0.2890625,
								0.9296875,
								0.375,
								0.4453125
							]
						},
						"useCollisionPoly": true,
						"duration": 1,
						"tag": ""
					}
				],
				"sid": 216689391579728,
				"name": "Ataque 2",
				"isLooping": true,
				"isPingPong": false,
				"repeatCount": 1,
				"repeatTo": 0,
				"speed": 5
			},
			{
				"frames": [
					{
						"width": 128,
						"height": 128,
						"originX": 0.5,
						"originY": 0.5,
						"originalSource": "",
						"exportFormat": "lossless",
						"exportQuality": 0.8,
						"fileType": "image/png",
						"imageSpriteId": 9575492,
						"collisionPoly": {
							"points": [
								0.375,
								0.4453125,
								0.46875,
								0.4453125,
								0.53125,
								0.4609375,
								0.7265625,
								0.6484375,
								0.59375,
								0.9921875,
								0.53125,
								1,
								0.2890625,
								0.9296875
							]
						},
						"useCollisionPoly": true,
						"duration": 1,
						"tag": ""
					}
				],
				"sid": 355866387245918,
				"name": "Ataque 3",
				"isLooping": true,
				"isPingPong": false,
				"repeatCount": 1,
				"repeatTo": 0,
				"speed": 5
			},
			{
				"frames": [
					{
						"width": 128,
						"height": 128,
						"originX": 0.5,
						"originY": 0.5,
						"originalSource": "",
						"exportFormat": "lossless",
						"exportQuality": 0.8,
						"fileType": "image/png",
						"imageSpriteId": 739541,
						"collisionPoly": {
							"points": [
								0.3984375,
								0.4453125,
								0.4921875,
								0.4453125,
								0.6484375,
								0.4921875,
								0.6171875,
								0.9921875,
								0.5546875,
								1,
								0.3125,
								0.9296875
							]
						},
						"useCollisionPoly": true,
						"duration": 1,
						"tag": ""
					},
					{
						"width": 128,
						"height": 128,
						"originX": 0.5,
						"originY": 0.5,
						"originalSource": "",
						"exportFormat": "lossless",
						"exportQuality": 0.8,
						"fileType": "image/png",
						"imageSpriteId": 6401464,
						"collisionPoly": {
							"points": [
								0.3984375,
								0.4453125,
								0.4921875,
								0.4453125,
								0.578125,
								0.5078125,
								0.6171875,
								0.9921875,
								0.5546875,
								1,
								0.3125,
								0.9296875
							]
						},
						"useCollisionPoly": true,
						"duration": 1,
						"tag": ""
					},
					{
						"width": 128,
						"height": 128,
						"originX": 0.5,
						"originY": 0.5,
						"originalSource": "",
						"exportFormat": "lossless",
						"exportQuality": 0.8,
						"fileType": "image/png",
						"imageSpriteId": 1873900,
						"collisionPoly": {
							"points": [
								0.3984375,
								0.4453125,
								0.4921875,
								0.4453125,
								0.578125,
								0.5078125,
								0.6171875,
								0.9921875,
								0.5546875,
								1,
								0.3125,
								0.9296875
							]
						},
						"useCollisionPoly": true,
						"duration": 1,
						"tag": ""
					},
					{
						"width": 128,
						"height": 128,
						"originX": 0.5,
						"originY": 0.5,
						"originalSource": "",
						"exportFormat": "lossless",
						"exportQuality": 0.8,
						"fileType": "image/png",
						"imageSpriteId": 4571819,
						"collisionPoly": {
							"points": [
								0.3984375,
								0.4453125,
								0.4921875,
								0.4453125,
								0.578125,
								0.5078125,
								0.6171875,
								0.9921875,
								0.5546875,
								1,
								0.3125,
								0.9296875
							]
						},
						"useCollisionPoly": true,
						"duration": 1,
						"tag": ""
					},
					{
						"width": 128,
						"height": 128,
						"originX": 0.5,
						"originY": 0.5,
						"originalSource": "",
						"exportFormat": "lossless",
						"exportQuality": 0.8,
						"fileType": "image/png",
						"imageSpriteId": 2467843,
						"collisionPoly": {
							"points": [
								0.3984375,
								0.4453125,
								0.4921875,
								0.4453125,
								0.578125,
								0.5078125,
								0.6171875,
								0.9921875,
								0.5546875,
								1,
								0.3125,
								0.9296875
							]
						},
						"useCollisionPoly": true,
						"duration": 1,
						"tag": ""
					},
					{
						"width": 128,
						"height": 128,
						"originX": 0.5,
						"originY": 0.5,
						"originalSource": "",
						"exportFormat": "lossless",
						"exportQuality": 0.8,
						"fileType": "image/png",
						"imageSpriteId": 2497604,
						"collisionPoly": {
							"points": [
								0.3984375,
								0.4453125,
								0.4921875,
								0.4453125,
								0.578125,
								0.5078125,
								0.6171875,
								0.9921875,
								0.5546875,
								1,
								0.3125,
								0.9296875
							]
						},
						"useCollisionPoly": true,
						"duration": 1,
						"tag": ""
					}
				],
				"sid": 850381255729829,
				"name": "Ataque 4",
				"isLooping": true,
				"isPingPong": false,
				"repeatCount": 1,
				"repeatTo": 0,
				"speed": 6
			},
			{
				"frames": [
					{
						"width": 128,
						"height": 128,
						"originX": 0.5,
						"originY": 0.5,
						"originalSource": "",
						"exportFormat": "lossless",
						"exportQuality": 0.8,
						"fileType": "image/png",
						"imageSpriteId": 7938714,
						"collisionPoly": {
							"points": [
								0.4375,
								0.453125,
								0.5703125,
								0.5234375,
								0.703125,
								0.9453125,
								0.6640625,
								1,
								0.3515625,
								1,
								0.3046875,
								0.921875
							]
						},
						"useCollisionPoly": true,
						"duration": 1,
						"tag": ""
					},
					{
						"width": 128,
						"height": 128,
						"originX": 0.5,
						"originY": 0.5,
						"originalSource": "",
						"exportFormat": "lossless",
						"exportQuality": 0.8,
						"fileType": "image/png",
						"imageSpriteId": 1349225,
						"collisionPoly": {
							"points": [
								0.4296875,
								0.453125,
								0.5625,
								0.5234375,
								0.6640625,
								1,
								0.3515625,
								1,
								0.3046875,
								0.921875
							]
						},
						"useCollisionPoly": true,
						"duration": 1,
						"tag": ""
					}
				],
				"sid": 575656439662800,
				"name": "Bloqueo",
				"isLooping": true,
				"isPingPong": false,
				"repeatCount": 1,
				"repeatTo": 0,
				"speed": 5
			},
			{
				"frames": [
					{
						"width": 128,
						"height": 128,
						"originX": 0.5,
						"originY": 0.5,
						"originalSource": "",
						"exportFormat": "lossless",
						"exportQuality": 0.8,
						"fileType": "image/png",
						"imageSpriteId": 429875,
						"collisionPoly": {
							"points": [
								0.375,
								0.4453125,
								0.46875,
								0.4453125,
								0.5546875,
								0.5078125,
								0.6015625,
								1,
								0.28125,
								0.9296875
							]
						},
						"useCollisionPoly": true,
						"duration": 1,
						"tag": ""
					},
					{
						"width": 128,
						"height": 128,
						"originX": 0.5,
						"originY": 0.5,
						"originalSource": "",
						"exportFormat": "lossless",
						"exportQuality": 0.8,
						"fileType": "image/png",
						"imageSpriteId": 7213334,
						"collisionPoly": {
							"points": [
								0.375,
								0.4375,
								0.46875,
								0.4375,
								0.5546875,
								0.5,
								0.609375,
								0.984375,
								0.5625,
								1,
								0.28125,
								0.921875
							]
						},
						"useCollisionPoly": true,
						"duration": 1,
						"tag": ""
					},
					{
						"width": 128,
						"height": 128,
						"originX": 0.5,
						"originY": 0.5,
						"originalSource": "",
						"exportFormat": "lossless",
						"exportQuality": 0.8,
						"fileType": "image/png",
						"imageSpriteId": 8907340,
						"collisionPoly": {
							"points": [
								0.375,
								0.4296875,
								0.46875,
								0.4296875,
								0.5546875,
								0.4921875,
								0.609375,
								0.9765625,
								0.5,
								1,
								0.40625,
								1,
								0.3359375,
								0.9765625,
								0.28125,
								0.9140625
							]
						},
						"useCollisionPoly": true,
						"duration": 1,
						"tag": ""
					},
					{
						"width": 128,
						"height": 128,
						"originX": 0.5,
						"originY": 0.5,
						"originalSource": "",
						"exportFormat": "lossless",
						"exportQuality": 0.8,
						"fileType": "image/png",
						"imageSpriteId": 9254901,
						"collisionPoly": {
							"points": [
								0.375,
								0.421875,
								0.46875,
								0.421875,
								0.5546875,
								0.484375,
								0.609375,
								0.953125,
								0.59375,
								1,
								0.3828125,
								1,
								0.2890625,
								0.8984375
							]
						},
						"useCollisionPoly": true,
						"duration": 1,
						"tag": ""
					},
					{
						"width": 128,
						"height": 128,
						"originX": 0.5,
						"originY": 0.5,
						"originalSource": "",
						"exportFormat": "lossless",
						"exportQuality": 0.8,
						"fileType": "image/png",
						"imageSpriteId": 3564049,
						"collisionPoly": {
							"points": [
								0.375,
								0.4296875,
								0.46875,
								0.4296875,
								0.5546875,
								0.4921875,
								0.609375,
								0.9765625,
								0.5703125,
								1,
								0.40625,
								1,
								0.3359375,
								0.9765625,
								0.28125,
								0.9140625
							]
						},
						"useCollisionPoly": true,
						"duration": 1,
						"tag": ""
					},
					{
						"width": 128,
						"height": 128,
						"originX": 0.5,
						"originY": 0.5,
						"originalSource": "",
						"exportFormat": "lossless",
						"exportQuality": 0.8,
						"fileType": "image/png",
						"imageSpriteId": 7571959,
						"collisionPoly": {
							"points": [
								0.375,
								0.4375,
								0.46875,
								0.4375,
								0.5546875,
								0.5,
								0.609375,
								0.984375,
								0.515625,
								1,
								0.28125,
								0.921875
							]
						},
						"useCollisionPoly": true,
						"duration": 1,
						"tag": ""
					}
				],
				"sid": 716114138579087,
				"name": "Caminar",
				"isLooping": true,
				"isPingPong": false,
				"repeatCount": 1,
				"repeatTo": 0,
				"speed": 7
			},
			{
				"frames": [
					{
						"width": 48,
						"height": 48,
						"originX": 0.5,
						"originY": 0.5,
						"originalSource": "",
						"exportFormat": "lossless",
						"exportQuality": 0.8,
						"fileType": "image/png",
						"imageSpriteId": 1395385,
						"collisionPoly": {
							"points": [
								0.3333333333333333,
								0.3958333333333333,
								0.3958333333333333,
								0.3958333333333333,
								0.625,
								0.4583333333333333,
								0.6458333333333334,
								0.5208333333333334,
								0.5416666666666666,
								0.5625,
								0.3541666666666667,
								0.6041666666666666,
								0.2708333333333333,
								0.6041666666666666,
								0.125,
								0.5833333333333334,
								0.125,
								0.5416666666666666,
								0.22916666666666666,
								0.4583333333333333
							]
						},
						"useCollisionPoly": true,
						"duration": 1,
						"tag": ""
					},
					{
						"width": 48,
						"height": 48,
						"originX": 0.5,
						"originY": 0.5,
						"originalSource": "",
						"exportFormat": "lossless",
						"exportQuality": 0.8,
						"fileType": "image/png",
						"imageSpriteId": 4057097,
						"collisionPoly": {
							"points": [
								0.6666666666666666,
								0.3958333333333333,
								0.9583333333333334,
								0.4583333333333333,
								0.9791666666666666,
								0.5208333333333334,
								0.875,
								0.5625,
								0.7291666666666666,
								0.5833333333333334,
								0.4375,
								0.5625,
								0.5416666666666666,
								0.4583333333333333
							]
						},
						"useCollisionPoly": true,
						"duration": 1,
						"tag": ""
					},
					{
						"width": 48,
						"height": 48,
						"originX": 0.5,
						"originY": 0.5,
						"originalSource": "",
						"exportFormat": "lossless",
						"exportQuality": 0.8,
						"fileType": "image/png",
						"imageSpriteId": 231013,
						"collisionPoly": {
							"points": [
								0.9375,
								0.3958333333333333,
								0.9791666666666666,
								0.4166666666666667,
								0.9375,
								0.4791666666666667,
								0.8125,
								0.5833333333333334,
								0.7708333333333334,
								0.5625,
								0.8333333333333334,
								0.4791666666666667
							]
						},
						"useCollisionPoly": true,
						"duration": 1,
						"tag": ""
					},
					{
						"width": 48,
						"height": 48,
						"originX": 0.5,
						"originY": 0.5,
						"originalSource": "",
						"exportFormat": "lossless",
						"exportQuality": 0.8,
						"fileType": "image/png",
						"imageSpriteId": 7894859,
						"collisionPoly": {
							"points": [
								0.0625,
								0.4375,
								0.1875,
								0.4375,
								0.2916666666666667,
								0.4583333333333333,
								0.3125,
								0.5208333333333334,
								0.14583333333333334,
								0.5833333333333334,
								0,
								0.5833333333333334,
								0,
								0.4583333333333333
							]
						},
						"useCollisionPoly": true,
						"duration": 1,
						"tag": ""
					}
				],
				"sid": 438830985026203,
				"name": "Lanzar",
				"isLooping": true,
				"isPingPong": false,
				"repeatCount": 1,
				"repeatTo": 0,
				"speed": 6
			},
			{
				"frames": [
					{
						"width": 128,
						"height": 128,
						"originX": 0.5,
						"originY": 0.5,
						"originalSource": "",
						"exportFormat": "lossless",
						"exportQuality": 0.8,
						"fileType": "image/png",
						"imageSpriteId": 9756499,
						"collisionPoly": {
							"points": [
								0.359375,
								0.453125,
								0.4765625,
								0.4921875,
								0.6171875,
								0.6640625,
								0.6171875,
								0.96875,
								0.5859375,
								1,
								0.2734375,
								1,
								0.2265625,
								0.953125,
								0.1875,
								0.671875
							]
						},
						"useCollisionPoly": true,
						"duration": 1,
						"tag": ""
					},
					{
						"width": 128,
						"height": 128,
						"originX": 0.5,
						"originY": 0.5,
						"originalSource": "",
						"exportFormat": "lossless",
						"exportQuality": 0.8,
						"fileType": "image/png",
						"imageSpriteId": 802846,
						"collisionPoly": {
							"points": [
								0.359375,
								0.453125,
								0.4609375,
								0.4765625,
								0.6171875,
								0.6640625,
								0.640625,
								0.765625,
								0.6171875,
								0.96875,
								0.5859375,
								1,
								0.2734375,
								1,
								0.2265625,
								0.953125,
								0.1875,
								0.671875
							]
						},
						"useCollisionPoly": true,
						"duration": 1,
						"tag": ""
					},
					{
						"width": 128,
						"height": 128,
						"originX": 0.5,
						"originY": 0.5,
						"originalSource": "",
						"exportFormat": "lossless",
						"exportQuality": 0.8,
						"fileType": "image/png",
						"imageSpriteId": 7567317,
						"collisionPoly": {
							"points": [
								0.359375,
								0.453125,
								0.4609375,
								0.4765625,
								0.59375,
								0.5859375,
								0.65625,
								0.7890625,
								0.6171875,
								0.96875,
								0.5859375,
								1,
								0.2734375,
								1,
								0.2265625,
								0.953125,
								0.1875,
								0.7578125,
								0.1875,
								0.671875
							]
						},
						"useCollisionPoly": true,
						"duration": 1,
						"tag": ""
					},
					{
						"width": 128,
						"height": 128,
						"originX": 0.5,
						"originY": 0.5,
						"originalSource": "",
						"exportFormat": "lossless",
						"exportQuality": 0.8,
						"fileType": "image/png",
						"imageSpriteId": 7889140,
						"collisionPoly": {
							"points": [
								0.359375,
								0.453125,
								0.4296875,
								0.4609375,
								0.6328125,
								0.5703125,
								0.6875,
								0.828125,
								0.6171875,
								0.96875,
								0.5859375,
								1,
								0.2734375,
								1,
								0.2265625,
								0.953125,
								0.1640625,
								0.765625,
								0.1875,
								0.671875,
								0.25,
								0.546875
							]
						},
						"useCollisionPoly": true,
						"duration": 1,
						"tag": ""
					},
					{
						"width": 128,
						"height": 128,
						"originX": 0.5,
						"originY": 0.5,
						"originalSource": "",
						"exportFormat": "lossless",
						"exportQuality": 0.8,
						"fileType": "image/png",
						"imageSpriteId": 9363324,
						"collisionPoly": {
							"points": [
								0.359375,
								0.453125,
								0.4296875,
								0.4609375,
								0.578125,
								0.53125,
								0.6953125,
								0.8828125,
								0.5859375,
								1,
								0.2734375,
								1,
								0.1640625,
								0.8828125,
								0.2109375,
								0.484375
							]
						},
						"useCollisionPoly": true,
						"duration": 1,
						"tag": ""
					},
					{
						"width": 128,
						"height": 128,
						"originX": 0.5,
						"originY": 0.5,
						"originalSource": "",
						"exportFormat": "lossless",
						"exportQuality": 0.8,
						"fileType": "image/png",
						"imageSpriteId": 2997281,
						"collisionPoly": {
							"points": [
								0.4296875,
								0.8125,
								0.625,
								0.984375,
								0.5859375,
								1,
								0.2890625,
								1,
								0.25,
								0.9375
							]
						},
						"useCollisionPoly": true,
						"duration": 1,
						"tag": ""
					},
					{
						"width": 128,
						"height": 128,
						"originX": 0.5,
						"originY": 0.5,
						"originalSource": "",
						"exportFormat": "lossless",
						"exportQuality": 0.8,
						"fileType": "image/png",
						"imageSpriteId": 4685847,
						"collisionPoly": {
							"points": [
								0.3828125,
								0.9140625,
								0.5,
								0.9140625,
								0.6015625,
								1,
								0.2734375,
								0.9375
							]
						},
						"useCollisionPoly": true,
						"duration": 1,
						"tag": ""
					},
					{
						"width": 128,
						"height": 128,
						"originX": 0.5,
						"originY": 0.5,
						"originalSource": "",
						"exportFormat": "lossless",
						"exportQuality": 0.8,
						"fileType": "image/png",
						"imageSpriteId": 1103335,
						"collisionPoly": {
							"points": [
								0.4765625,
								0.953125,
								0.625,
								1,
								0.28125,
								0.96875
							]
						},
						"useCollisionPoly": true,
						"duration": 1,
						"tag": ""
					}
				],
				"sid": 482077528354896,
				"name": "Muerte",
				"isLooping": true,
				"isPingPong": false,
				"repeatCount": 1,
				"repeatTo": 0,
				"speed": 7
			}
		],
		"subfolders": []
	}
}