{
	"name": "Hoja de eventos 2",
	"events": [
		{
			"eventType": "variable",
			"name": "Aciertos",
			"type": "number",
			"initialValue": "0",
			"comment": "",
			"isStatic": false,
			"isConstant": false,
			"sid": 996121594249538
		},
		{
			"eventType": "block",
			"conditions": [
				{
					"id": "every-tick",
					"objectClass": "System",
					"sid": 575134591722950
				}
			],
			"actions": [
				{
					"id": "set-text",
					"objectClass": "Texto3",
					"sid": 799337157843786,
					"parameters": {
						"text": "Aciertos"
					}
				}
			],
			"sid": 240888449824355
		},
		{
			"eventType": "block",
			"conditions": [
				{
					"id": "compare-text",
					"objectClass": "EntradaDeTextoPlaca",
					"sid": 906119291350446,
					"parameters": {
						"text": "\"Placa Base\"",
						"case": "case-insensitive"
					}
				},
				{
					"id": "trigger-once-while-true",
					"objectClass": "System",
					"sid": 451655917842546
				}
			],
			"actions": [
				{
					"id": "set-enabled",
					"objectClass": "Placa_base",
					"sid": 410547167908080,
					"behaviorType": "ArrastrarYSoltar",
					"parameters": {
						"state": "enabled"
					}
				},
				{
					"id": "add-to-eventvar",
					"objectClass": "System",
					"sid": 106047694594997,
					"parameters": {
						"variable": "Aciertos",
						"value": "1"
					}
				},
				{
					"id": "set-enabled",
					"objectClass": "EntradaDeTextoPlaca",
					"sid": 427922122780675,
					"parameters": {
						"mode": "disabled"
					}
				}
			],
			"sid": 591910161017644
		},
		{
			"eventType": "block",
			"conditions": [
				{
					"id": "compare-text",
					"objectClass": "EntradaDeTextoCPU",
					"sid": 628771781063307,
					"parameters": {
						"text": "\"CPU\"",
						"case": "case-insensitive"
					}
				},
				{
					"id": "trigger-once-while-true",
					"objectClass": "System",
					"sid": 257835844436848
				}
			],
			"actions": [
				{
					"id": "set-enabled",
					"objectClass": "cpu",
					"sid": 419736658062201,
					"behaviorType": "ArrastrarYSoltar",
					"parameters": {
						"state": "enabled"
					}
				},
				{
					"id": "add-to-eventvar",
					"objectClass": "System",
					"sid": 826832806394242,
					"parameters": {
						"variable": "Aciertos",
						"value": "1"
					}
				},
				{
					"id": "set-enabled",
					"objectClass": "EntradaDeTextoCPU",
					"sid": 318700298935948,
					"parameters": {
						"mode": "disabled"
					}
				}
			],
			"sid": 622433725658493
		},
		{
			"eventType": "block",
			"conditions": [
				{
					"id": "compare-text",
					"objectClass": "EntradaDeTextoCPU_cooler",
					"sid": 832535353412241,
					"parameters": {
						"text": "\"CPU Cooler\"",
						"case": "case-insensitive"
					}
				},
				{
					"id": "trigger-once-while-true",
					"objectClass": "System",
					"sid": 577295442266042
				}
			],
			"actions": [
				{
					"id": "set-enabled",
					"objectClass": "cpu_cooler",
					"sid": 319733707535909,
					"behaviorType": "ArrastrarYSoltar",
					"parameters": {
						"state": "enabled"
					}
				},
				{
					"id": "add-to-eventvar",
					"objectClass": "System",
					"sid": 962498384172886,
					"parameters": {
						"variable": "Aciertos",
						"value": "1"
					}
				},
				{
					"id": "set-enabled",
					"objectClass": "EntradaDeTextoCPU_cooler",
					"sid": 906848833256372,
					"parameters": {
						"mode": "disabled"
					}
				}
			],
			"sid": 852640448561067
		},
		{
			"eventType": "block",
			"conditions": [
				{
					"id": "compare-text",
					"objectClass": "EntradaDeTextoGPU",
					"sid": 169144064741260,
					"parameters": {
						"text": "\"GPU\"",
						"case": "case-insensitive"
					}
				},
				{
					"id": "trigger-once-while-true",
					"objectClass": "System",
					"sid": 157745903538313
				}
			],
			"actions": [
				{
					"id": "set-enabled",
					"objectClass": "Grafica",
					"sid": 517486326859992,
					"behaviorType": "ArrastrarYSoltar",
					"parameters": {
						"state": "enabled"
					}
				},
				{
					"id": "add-to-eventvar",
					"objectClass": "System",
					"sid": 400513448176447,
					"parameters": {
						"variable": "Aciertos",
						"value": "1"
					}
				},
				{
					"id": "set-enabled",
					"objectClass": "EntradaDeTextoGPU",
					"sid": 643862556854562,
					"parameters": {
						"mode": "disabled"
					}
				}
			],
			"sid": 576633565083723
		},
		{
			"eventType": "block",
			"conditions": [
				{
					"id": "compare-text",
					"objectClass": "EntradaDeTextoPSU",
					"sid": 552717897522229,
					"parameters": {
						"text": "\"psu\"",
						"case": "case-insensitive"
					}
				},
				{
					"id": "trigger-once-while-true",
					"objectClass": "System",
					"sid": 432794356064843
				}
			],
			"actions": [
				{
					"id": "set-enabled",
					"objectClass": "psu",
					"sid": 832476420514504,
					"behaviorType": "ArrastrarYSoltar",
					"parameters": {
						"state": "enabled"
					}
				},
				{
					"id": "add-to-eventvar",
					"objectClass": "System",
					"sid": 203904872542910,
					"parameters": {
						"variable": "Aciertos",
						"value": "1"
					}
				},
				{
					"id": "set-enabled",
					"objectClass": "EntradaDeTextoPSU",
					"sid": 448100525703686,
					"parameters": {
						"mode": "disabled"
					}
				}
			],
			"sid": 973877283793959
		},
		{
			"eventType": "block",
			"conditions": [
				{
					"id": "compare-text",
					"objectClass": "EntradaDeTextoRAM",
					"sid": 163704742684157,
					"parameters": {
						"text": "\"ram\"",
						"case": "case-insensitive"
					}
				},
				{
					"id": "trigger-once-while-true",
					"objectClass": "System",
					"sid": 387810282503057
				}
			],
			"actions": [
				{
					"id": "set-enabled",
					"objectClass": "ram",
					"sid": 247837491533339,
					"behaviorType": "ArrastrarYSoltar",
					"parameters": {
						"state": "enabled"
					}
				},
				{
					"id": "add-to-eventvar",
					"objectClass": "System",
					"sid": 620969174645692,
					"parameters": {
						"variable": "Aciertos",
						"value": "1"
					}
				},
				{
					"id": "set-enabled",
					"objectClass": "EntradaDeTextoRAM",
					"sid": 990778421019388,
					"parameters": {
						"mode": "disabled"
					}
				}
			],
			"sid": 166612869314726
		},
		{
			"eventType": "block",
			"conditions": [
				{
					"id": "is-overlapping-another-object",
					"objectClass": "Placa_base",
					"sid": 740170930056009,
					"parameters": {
						"object": "Comprobador_PlacaBase"
					}
				}
			],
			"actions": [
				{
					"id": "pin-to-object-imagepoint",
					"objectClass": "Placa_base",
					"sid": 959697685328419,
					"behaviorType": "Pegado",
					"parameters": {
						"pin-to": "Comprobador_PlacaBase",
						"image-point": "1",
						"angle": true,
						"width-type": "no",
						"height-type": "no",
						"z": false
					}
				}
			],
			"sid": 523182799027540
		},
		{
			"eventType": "block",
			"conditions": [
				{
					"id": "is-overlapping-another-object",
					"objectClass": "psu",
					"sid": 297585059825447,
					"parameters": {
						"object": "Comprobador_psu"
					}
				}
			],
			"actions": [
				{
					"id": "pin-to-object-imagepoint",
					"objectClass": "psu",
					"sid": 940634230236966,
					"behaviorType": "Pegado",
					"parameters": {
						"pin-to": "Comprobador_psu",
						"image-point": "2",
						"angle": true,
						"width-type": "no",
						"height-type": "no",
						"z": false
					}
				}
			],
			"sid": 452599477058011
		},
		{
			"eventType": "block",
			"conditions": [
				{
					"id": "is-overlapping-another-object",
					"objectClass": "cpu",
					"sid": 691045059320482,
					"parameters": {
						"object": "Placa_base"
					}
				}
			],
			"actions": [
				{
					"id": "pin-to-object-imagepoint",
					"objectClass": "cpu",
					"sid": 203824554725572,
					"behaviorType": "Pegado",
					"parameters": {
						"pin-to": "Placa_base",
						"image-point": "1",
						"angle": true,
						"width-type": "no",
						"height-type": "no",
						"z": false
					}
				}
			],
			"sid": 912666263045292
		},
		{
			"eventType": "block",
			"conditions": [
				{
					"id": "is-overlapping-another-object",
					"objectClass": "cpu_cooler",
					"sid": 164128412511855,
					"parameters": {
						"object": "Placa_base"
					}
				}
			],
			"actions": [
				{
					"id": "pin-to-object-imagepoint",
					"objectClass": "cpu_cooler",
					"sid": 363502941847259,
					"behaviorType": "Pegado",
					"parameters": {
						"pin-to": "Placa_base",
						"image-point": "1",
						"angle": true,
						"width-type": "no",
						"height-type": "no",
						"z": false
					}
				}
			],
			"sid": 976094595496196
		},
		{
			"eventType": "block",
			"conditions": [
				{
					"id": "is-overlapping-another-object",
					"objectClass": "Grafica",
					"sid": 583705800307089,
					"parameters": {
						"object": "Placa_base"
					}
				}
			],
			"actions": [
				{
					"id": "pin-to-object-imagepoint",
					"objectClass": "Grafica",
					"sid": 430180785771769,
					"behaviorType": "Pegado",
					"parameters": {
						"pin-to": "Placa_base",
						"image-point": "2",
						"angle": true,
						"width-type": "no",
						"height-type": "no",
						"z": false
					}
				}
			],
			"sid": 964879506783192
		},
		{
			"eventType": "block",
			"conditions": [
				{
					"id": "is-overlapping-another-object",
					"objectClass": "ram",
					"sid": 322162547274017,
					"parameters": {
						"object": "Placa_base"
					}
				}
			],
			"actions": [
				{
					"id": "pin-to-object-imagepoint",
					"objectClass": "ram",
					"sid": 370002098874891,
					"behaviorType": "Pegado",
					"parameters": {
						"pin-to": "Placa_base",
						"image-point": "3",
						"angle": true,
						"width-type": "no",
						"height-type": "no",
						"z": false
					}
				}
			],
			"sid": 389924217788095
		}
	],
	"sid": 331551899129215
}